model_id,auc,logloss,aucpr,mean_per_class_error,rmse,mse
GLM_1_AutoML_1_20230222_143247,0.9928324163089008,0.0994234856861305,0.9930790296441632,0.0333698861297906,0.1622968667923637,0.0263402729706182
